id,ime,datum_sprejema,datum_oddaje,spol,felvfiv,tip

0,Iza,11/02/2022,29/11/2022,Ženski,,pes

1,Dakota,09/11/2022,13/12/2022,Ženski,,pes

2,PikainLuna,22/10/2022,05/12/2022,Ženski,,pes

3,Gumbka-Lija,20/12/2016,29/11/2022,Ženski,,pes

4,Bjork,13/02/2021,11/11/2022,Moški,,pes

5,Puhec,18/01/2022,07/12/2022,Moški,,pes

6,Rasta,14/08/2022,17/12/2022,Moški,,pes

7,Star,10/06/2022,18/12/2022,Moški,,pes

8,Rina,02/08/2022,17/12/2022,Ženski,,pes

9,Finn,09/11/2022,29/11/2022,Moški,,pes

10,Ivi,02/09/2022,25/10/2022,Ženski,,pes

11,Willow,05/10/2022,29/11/2022,Ženski,,pes

12,Rex,21/01/2022,x,Moški,,pes

13,Rui,16/12/2021,11/11/2022,Moški,,pes

14,Lava,02/09/2022,21/10/2022,Ženski,,pes

15,Ross,12/08/2022,22/10/2022,Moški,,pes

16,Risa,04/12/2021,01/07/2022,Ženski,,pes

17,Shy,07/06/2022,01/09/2022,Ženski,,pes

18,Asterix,27/05/2022,x,Moški,,pes

19,Vita,04/05/2022,27/06/2022,Ženski,,pes

20,Suki,23/05/2022,22/08/2022,Ženski,,pes

21,Byron,18/01/2022,23/06/2022,Moški,,pes

22,Mio,,x,Moški,,pes

23,Boč,24/04/2022,06/05/2022,Moški,,pes

24,Daisy,17/12/2021,01/07/2022,Ženski,,pes

25,Steffi,01/12/2021,23/03/2022,Ženski,,pes

26,Sofia,30/12/2021,12/05/2022,Ženski,,muc

27,Dimi,17/12/2021,28/03/2022,Moški,,muc

28,Luna,01/12/2021,04/03/2022,Ženski,,muc

29,Duno,17/12/2021,07/03/2022,Moški,,muc

30,Dom,17/12/2021,28/02/2022,Moški,,muc

31,Dream,17/12/2021,28/02/2022,Moški,,muc

32,Danesh,17/12/2021,28/02/2022,Moški,,muc

33,Cosmo,18/01/2022,x,Moški,,muc

34,Doc,17/12/2021,,Moški,,muc

35,Taja,26/04/2021,04/01/2022,Ženski,,muc

36,Avša,30/01/2022,x,Ženski,,muc

37,Ronja,24/02/2021,08/01/2021,Ženski,,muc

38,Dutchess,23/09/2022,09/12/2022,Ženski,Negativna,muc

39,Dash,22/07/2022,07/12/2022,Moški,Negativen,muc

40,Tisa,07/03/2022,27/12/2022,Ženski,Negativna,muc

41,Mango,18/07/2022,x,Moški,Negativen,muc

42,Daša,23/09/2022,09/12/2022,Ženski,Negativna,muc

43,Jam,13/07/2022,x,Moški,Negativen,muc

44,Nana,01/06/2022,x,Ženski,Negativna,muc

45,Jenny,04/04/2022,x,Ženski,Negativna,muc

46,Dax,04/07/2022,11/11/2022,Moški,Negativen,muc

47,Mr.BussinessinMr.Fun,11/07/2022,11/11/2022,Moški,Negativna,muc

48,Gorjuša(3x),04/07/2022,x,"2x ženski, 1x moški",Negativni,muc

49,Terminal:4dudarji,16/05/2022,x,4x samčki,Negativni,muc

50,Erik,09/06/2022,29/09/2022,Moški,Negativen,muc

51,Jeseničani(5x),01/06/2022,x,"1x moški, 4 x ženski",Negativni,muc

52,Perovo:4dudarji,11/05/2022,x,3 samičke in 1 samček,Negativni,muc

53,Mekinje,22/06/2022,30/09/2022,Ženski,Negativna,muc

54,Piper,13/05/2022,29/09/2022,Ženski,Negativna,muc

55,Pirniče:mama+4,24/04/2022,x,Mama in 4x samčki,Negativni,muc

56,Kamnik1,27/06/2022,29/09/2022,Ženski,Negativna,muc

57,Domžalka,07/07/2022,29/09/2022,Ženski,Negativna,muc

58,Žirovec,04/07/2022,05/09/2022,Moški,Negativen,muc

59,Jurka,04/04/2022,x,Mama in 4 mladiči: 2 samički in 2 samčka,Negativni,muc

60,Millie,06/04/2022,x,Mama in mladiči: 1 samička in 2 samčka,Negativni,muc

61,Vele,16/06/2022,05/09/2022,Ženski,Negativna,muc

62,Petrol,06/07/2022,05/09/2022,Moški,Negativen,muc

63,Blejka,07/07/2022,05/09/2022,Ženski,Negativna,muc

64,Bela,25/06/2022,05/09/2022,Ženski,Negativna,muc

65,Dobrova,25/05/2022,29/08/2022,Ženski,Negativna,muc

66,Krpani(mama+5),09/06/2022,x,"4x ženski, 2x moški",Negativni,muc

67,Kamnik3,05/07/2022,05/09/2022,Ženski,Negativna,muc

68,Zaplana:3dudarji,26/04/2022,x,1 samička in 2 samčka,Negativni,muc

69,Smlednik:3dudarji,10/05/2022,x,2 samčka in 1 samička,Negativni,muc

70,Kamnik(3x),20/06/2022,x,"1x ženski, 2x moški",Negativni,muc

71,Podsmreka:4dudarji,25/04/2022,x,2 samički in 2 samčka,Negativni,muc

72,Ilirec,17/06/2022,22/08/2022,Moški,Negativen,muc

73,Triglav,23/06/2022,25/08/2022,Moški,Negativen,muc

74,LenkainAjda,09/05/2022,22/08/2022,Ženski,Negativni,muc

75,Zemon:3mladiči,10/05/2022,x,1 samička in 2 samčka,Negativni,muc

76,Obrov:mama+4,11/05/2022,x,"Mama, 3 samičke in 1 samček",Negativni,muc

77,Blejčan,06/06/2022,22/08/2022,Moški,Negativen,muc

78,Jarše:mama+4,12/05/2022,x,Mama in 4 mladiči: 1 samička in 3 samčki,Negativni,muc

79,Kozinci(6x),17/06/2022,x,"1x ženski, 5x moški",Negativni,muc

80,Shadow,22/10/2020,26/07/2022,Moški,Negativen,muc

81,KG,16/06/2022,22/08/2022,Moški,Negativenen,muc

82,Zoey,08/08/2021,28/07/2022,Ženski,Negativna,muc

83,Rovte:4mladiči,26/05/2022,26/07/2022,,Negativne,muc

84,Domžalci(4x),,26/07/2022,"3x moški, 1x ženski",Negativni,muc

85,Murka,10/08/2021,26/07/2022,Ženski,Negativna,muc

86,Gusarka,15/04/2022,09/07/2022,Ženski,Negativna,muc

87,Pokljuka(3x),03/06/2022,26/07/2022,"2x ženski, 1x moški",Negativni,muc

88,Anabella,09/04/2022,x,Ženski,,muc

89,Wendy,27/10/2021,21/07/2022,Ženski,Negativna,muc

90,Stahovica:4dudarji-nedonošeni,12/05/2022,x,,,muc

91,Trzinčki(4x),30/05/2022,x,"3x ženski, 1x moški",Negativni,muc

92,Jojo,04/05/2022,24/06/2022,Moški,Negativen,muc

93,Sammy,25/03/2022,07/05/2022,Moški,Negativen,muc

94,Ota,24/07/2021,12/04/2022,Ženski,Negativna,muc

95,Timotej,10/04/2022,25/05/2022,Moški,Negativen,muc

96,Twix,19/12/2021,31/03/2022,Moški,Negativen,muc

97,Bubbles,05/05/2021,12/04/2022,Ženski,Negativna,muc

98,Timon,31/10/2021,22/03/2022,Moški,Negativen,muc

99,Ruben,01/08/2021,08/04/2022,Moški,Negativen,muc

100,Darcy,07/12/2021,28/02/2022,Moški,Negativen,muc

101,Loki,17/09/2021,22/03/2022,Moški,Negativen,muc

102,Pegica,08/10/2021,23/02/2022,Ženski,Negativna,muc

103,Winston,07/12/2021,28/02/2022,Moški,Negativen,muc

104,Megi,16/12/2020,15/02/2021,Ženski,Negativna,muc

105,Tresko,11/10/2021,14/02/2022,Moški,Negativen,muc

106,DudarkaMimi,25/04/2020,23/02/2022,Ženski,,muc

107,Leo,06/10/2021,08/02/2022,Moški,Negativen,muc

108,Percy,23/12/2021,21/02/2022,Moški,Negativen,muc

109,Luna,01/04/2021,15/02/2021,Ženski,Negativna,muc

110,Bessie,14/09/2021,27/01/2022,Ženski,Negativna,muc

111,Rooney,20/07/2021,08/02/2022,Moški,Negativen,muc

112,Leela,16/11/2021,,Ženski,Negativna,muc

113,Dewey,23/09/2021,26/01/2022,Moški,Negativen,muc

114,Yoshi,03/11/2021,06/02/2022,Moški,Negativen,muc

115,George,01/08/2021,27/01/2022,Moški,Negativen,muc

116,Misty,09/11/2021,24/01/2022,Ženski,Negativna,muc

117,Ashley,26/08/2021,26/01/2022,Ženski,Negativna,muc

118,Barney,10/12/2021,24/01/2022,Moški,Negativen,muc

119,Quinnie,10/12/2021,24/01/2022,Ženski,Negativna,muc

120,Lilibeth,10/12/2021,22/01/2022,Ženski,Negativna,muc

121,Lars,14/12/2021,22/01/2022,Moški,Negativen,muc

122,Alvin,14/09/2021,19/01/2022,Moški,Negativen,muc

123,Dottie,29/10/2021,22/01/2022,Ženski,Negativna,muc

124,Riki,01/08/2021,24/01/2022,Moški,Negativen,muc

125,Clint,12/12/2021,19/01/2022,Moški,Negativen,muc

126,Lira,14/12/2021,22/01/2022,Ženski,Negativna,muc

127,Callie,14/09/2021,19/01/2022,Ženski,Negativna,muc

128,Juniper,15/09/2021,17/01/2022,Ženski,Negativna,muc

129,Hoshi,19/11/2021,19/01/2022,Ženski,Negativna,muc

130,Nancy,06/10/2021,16/01/2022,Ženski,Negativna,muc

131,Sid,16/09/2021,17/01/2022,Moški,Negativen,muc

132,Ollie,24/11/2021,16/01/2022,Moški,Negativen,muc

133,Bellatrix,19/12/2021,x,Ženski,Negativna,muc

134,Winnie,20/07/2021,16/01/2022,Ženski,Negativna,muc

135,Logan,01/10/2021,13/01/2022,Moški,Negativen,muc

136,Keiko,04/11/2021,16/01/2022,Ženski,Negativna,muc

137,MachuPicchu,05/08/2021,10/01/2022,Moški,Negativen,muc

138,Pepper,20/07/2021,04/01/2022,Moški,Negativen,muc

139,Kimi,01/09/2021,04/01/2022,Ženski,Negativna,muc

140,Grinta,,23/10/2021,Ženski,,pes

141,Sreča,11/05/2021,06/10/2021,Ženski,,pes

142,Taj,26/04/2021,29/10/2021,Moški,,pes

143,Nodi,16/07/2021,27/08/2021,Moški,,pes

144,Peanut,31/08/2021,06/10/2021,Ženski,,pes

145,Rumba,08/12/2020,31/08/2021,Ženski,,pes

146,Vana,02/09/2021,30/10/2021,Ženski,,pes

147,Lun,20/04/2021,06/10/2021,Moški,,pes

148,Deep,26/12/2020,05/07/2021,Moški,,pes

149,Falco,22/07/2021,31/08/2021,Moški,,pes

150,Nori,09/09/2021,20/10/2021,Ženski,,pes

151,Janež,03/01/2021,10/08/2021,Moški,,pes

152,Deja,26/12/2020,09/07/2021,Ženski,,pes

153,Neža,21/04/2020,,Ženski,,pes

154,Željko,02/12/2019,03/07/2021,Moški,,pes

155,Raja,08/12/2020,04/06/2021,Ženski,,pes

156,Fenek,22/02/2019,x,Ženski,,pes

157,FlorenceandtheMachineHorjulska,22/02/2019,x,Ženski,,pes

158,Blum,13/03/2021,03/06/2021,Moški,,pes

159,Rosie,14/12/2020,,Ženski,,pes

160,Bina,23/12/2020,26/05/2021,Ženski,,pes

161,Jure,03/01/2021,19/05/2021,Moški,,pes

162,Piko,02/02/2021,26/05/2021,Moški,,pes

163,Jon,03/01/2021,07/04/2021,Moški,,pes

164,Bendži,15/04/2021,10/05/2021,Moški,,pes

165,Kjut,20/04/2021,08/05/2021,Moški,,pes

166,Juš,03/01/2021,02/04/2021,Moški,,pes

167,Bentley,08/04/2021,10/05/2021,Moški,,pes

168,Jošt,03/01/2021,04/04/2021,Moški,,pes

169,Boots,27/10/2020,29/03/2021,Ženski,,pes

170,Dark,,10/03/2021,Moški,,pes

171,Jesen,03/01/2021,31/03/2021,Moški,,pes

172,Dim,,x,Moški,,muc

173,Julija,03/01/2021,04/03/2021,Ženski,,muc

174,Jera,03/01/2021,04/03/2021,Ženski,,muc

175,Jagoda,03/01/2021,04/03/2021,Ženski,,muc

176,Darla,,04/03/2021,Ženski,,muc

177,Živa,12/02/2021,x,Ženski,,muc

178,Dejvi,,04/03/2021,Moški,,muc

179,Daš,,03/03/2021,Moški,,muc

180,Sally,07/10/2020,29/01/2021,Ženski,,muc

181,Dex,,03/03/2021,Moški,,muc

182,Willow,13/05/2021,06/12/2021,Ženski,Negativna,muc

183,Iča,07/10/2020,04/02/2021,Ženski,,muc

184,Johny,24/06/2020,22/01/2021,Moški,,muc

185,Tobi,11/08/2021,06/12/2021,Moški,Negativen,muc

186,Dusty,11/08/2021,06/12/2021,Moški,Negativen,muc

187,Fiona,03/08/2021,01/12/2021,Ženski,Negativna,muc

188,Tesa,20/08/2021,18/11/2021,Ženski,Negativna,muc

189,MiliGili,08/09/2021,06/12/2021,Moški,Negativen,muc

190,Gus,19/08/2021,17/11/2021,Moški,Negativen,muc

191,Lili,22/07/2021,18/11/2021,Ženski,Negativna,muc

192,Ava,03/09/2021,17/11/2021,Ženski,Negativna,muc

193,Winky,10/07/2020,08/11/2021,Ženski,Negativna,muc

194,Tinki,27/08/2021,,Moški,Negativen,muc

195,Finn,03/08/2021,17/11/2021,Moški,Negativen,muc

196,Ela,,02/11/2021,Ženski,Negativna,muc

197,Lucas,04/10/2021,08/11/2021,Moški,Negativen,muc

198,Pan,01/04/2021,02/11/2021,Moški,Negativen,muc

199,Lajla,,02/11/2021,Ženski,Negativna,muc

200,Olivia,11/05/2021,x,Ženski,Negativna,muc

201,Inko,18/05/2018,x,Moški,Negativen,muc

202,Nala,,02/11/2021,Ženski,Negativna,muc

203,Simba,11/05/2021,x,Moški,Negativen,muc

204,Rusty,31/10/2020,20/10/2021,Moški,Negativen,muc

205,Mila,19/02/2016,14/10/2021,Ženski,Negativna,pes

206,Jošti,06/09/2021,31/10/2021,Moški,Negativen,pes

207,"Fiona,Lexi,EnyainDafi",14/05/2020,,"3x ženski, 1x moški",,pes

208,Kvaka,30/01/2018,x,Ženski,Negativna,pes

209,Nessie,14/05/2020,06/05/2021,Ženski,,pes

210,Oona,16/05/2020,x,3x ženski,,pes

211,Dai,26/05/2020,05/06/2021,Moški,Negativen,pes

212,TritačekArchie,04/12/2019,04/02/2021,Moški,Negativen,pes

213,"Šana,RuthinbratecMorgan",23/05/2020,x,2x ženski in 1x moški,,pes

214,A-jevčki,28/04/2020,x,3 x ženski in 1 x moški,,pes

215,Oliver,27/05/2020,04/02/2021,Moški,,pes

216,Foxy,30/09/2020,06/11/2020,Ženski,,pes

217,Amala,31/07/2020,28/09/2020,Ženski,,pes

218,Kati,21/04/2020,,Ženski,,pes

219,Luna,01/10/2020,06/11/2020,Ženski,,pes

220,Hugo,12/07/2020,04/09/2020,Moški,,pes

221,Sunny,01/10/2020,04/11/2020,Moški,,pes

222,Sky,01/10/2020,05/11/2020,Moški,,pes

223,Ajda,31/07/2020,07/09/2020,Ženski,,pes

224,Bert,12/07/2020,01/09/2020,Moški,,pes

225,Skippy,11/07/2020,06/11/2020,Ženski,,pes

226,Bigo,08/05/2020,x,Moški,,pes

227,Kapučin,27/12/2019,02/09/2020,Moški,,pes

228,Ink,31/07/2020,04/09/2020,Moški,,pes

229,Viki,21/04/2020,,Ženski,,pes

230,AlanWattsHorjulski,28/04/2019,24/07/2020,Moški,,pes

231,SuzyQ,09/04/2020,05/07/2020,Ženski,,pes

232,Dembe,09/04/2020,16/07/2020,Moški,,muc

233,Navabi,09/04/2020,28/05/2020,Ženski,,muc

234,Rika,05/09/2017,x,Ženski,,muc

235,"Fani,Kati,NežainViki",21/04/2020,,4 x ženski,,muc

236,NudlHorjulska,13/11/2019,18/04/2020,Ženski,,muc

237,Aram,09/04/2020,06/05/2020,Moški,,muc

238,CopatkaGabi,01/05/2020,21/05/2020,Ženski,,muc

239,NaughtyHorjulska,13/11/2019,18/04/2020,Ženski,,muc

240,RobiHorjulski,,26/04/2020,Moški,,muc

241,Darcy,04/05/2020,15/05/2020,Moški,,muc

242,JonaHorjulska,23/09/2019,16/02/2020,Ženski,,muc

243,Ronja,10/01/2020,18/04/2020,Ženski,,muc

244,Pippa,27/12/2019,26/02/2020,Ženski,,muc

245,Yago,,26/10/2020,Moški,Negativen,muc

246,NiftyHorjulski,13/11/2019,02/02/2020,Moški,,muc

247,Nayeli,01/10/2019,15/12/2020,Ženski,,muc

248,MamaPilar,16/07/2019,x,Ženski,Negativna,muc

249,"TinkerBell,SilverMist,IriDessainFawn",08/05/2020,x,4x ženski,,muc

250,Oli,08/05/2020,19/10/2020,Moški,,muc

251,Edmund,19/04/2020,04/09/2020,Moški,Negativen,muc

252,DudicaCleo,11/05/2020,02/09/2020,Ženski,,muc

253,Liam,06/05/2020,15/10/2020,Moški,Negativen,muc

254,"Dea,DemiinDino",27/05/2020,x,2x ženski in 1x moški,,muc

255,Aiden,02/05/2020,02/09/2020,Moški,Negativen,muc

256,Taru,,28/05/2020,Moški,Negativen,muc

257,Saki,23/05/2020,20/09/2020,Ženski,,muc

258,"Škratjadruščina:Kili,Fili,DorainNora",21/04/2019,x,Dva samčka in dve samički,Negativna,muc

259,"Bumble,BlinkyinBeeBeeinBryn",11/05/2020,x,"3x ženski, 1x moški",,muc

260,Ronan,13/05/2020,06/07/2020,Moški,Negativen,muc

261,Megi,,11/05/2020,,Negativna,muc

262,Soča,26/09/2018,13/05/2020,Ženski,Negativna,muc

263,Becki,,10/05/2020,Ženski,Negativna,muc

264,Elin,24/04/2019,08/05/2020,Ženski,,muc

265,Davi,07/10/2019,13/05/2020,Moški,,muc

266,TigerBoyd,30/04/2020,x,Moški,,muc

266,Nut,,11/05/2020,Ženski,Negativna,muc

268,Rio,,26/04/2020,Moški,Negativen,muc

269,YasmininMellisa,10/07/2019,20/04/2020,Ženski,Negativni,muc

270,Desi,30/07/2019,08/05/2020,Ženski,,muc

271,Paloma,,20/04/2020,Ženski,Negativna,muc

272,Terra,27/04/2019,26/04/2020,Ženski,Negativna,muc

273,AnninBam,,18/04/2020,Ženski,Negativni,muc

274,Tiffany,05/06/2019,21/04/2020,Ženski,Negativna,muc

275,Beatrize,,,Ženski,,muc

276,Kass,,18/04/2020,Moški,Negativen,muc

277,DudicaFly,08/08/2019,18/04/2020,Ženski,,muc

278,Sia,01/10/2018,x,Ženski,,muc

279,Fiorinainpaketpresenečenja,04/09/2019,x,Ženski,,pes

280,"MamaJessiinmularija(Emmi,JimmyinSamy)",,x,,Negativni,pes

281,Remi,24/04/2019,06/03/2020,,,pes

282,Sabrina,,18/04/2020,Ženski,Negativna,pes

283,Maik,,06/03/2020,Moški,Negativen,pes

284,EnriqueIglesias,05/08/2019,x,Moški,,pes

285,Tinki,,29/02/2020,Moški,Negativen,pes

286,Talita,,29/01/2020,Ženski,Negativna,pes

287,Arya,,06/03/2020,Ženski,Negativna,pes

288,Pepito,,18/01/2020,Moški,Negativen,pes

289,Roni,,29/01/2020,,Negativen,pes

290,Aida,,10/01/2020,Ženski,Negativna,pes

291,JojoHorjulska,24/06/2019,14/11/2019,Ženski,,pes

292,JernejHorjulski,04/07/2019,21/11/2019,Moški,,pes

293,NušaHorjulska,15/11/2019,30/11/2019,Ženski,,pes

294,NoraHorjulska,13/11/2019,05/12/2019,Ženski,,pes

295,JelicaHorjulska,20/06/2019,06/11/2019,Ženski,,pes

296,KikiHorjulska,,16/12/2019,Ženski,,pes

297,JudieHorjulska,24/06/2019,15/11/2019,Ženski,,pes

298,BoškoHorjulski,12/01/2019,06/11/2019,Moški,,pes

299,Justi,27/06/2019,13/09/2019,Ženski,,pes

300,NachoHorjulski,13/11/2019,01/12/2019,Moški,,pes

301,JulietteHorjulska,,23/11/2019,Ženski,,pes

302,JaffaHorjulska,24/06/2019,29/08/2019,Ženski,,pes

303,HanaHorjulska,04/06/2019,29/09/2019,Ženski,,pes

304,JupiHorjulski,27/06/2019,02/09/2019,Moški,,pes

305,JašaHorjulski,24/06/2019,26/08/2019,Moški,,pes

306,JoštHorjulski,24/06/2019,22/08/2019,Moški,,pes

307,JuloHorjulski,24/06/2019,x,Moški,,pes

308,GusarHorjulski,,21/08/2019,Moški,,pes

309,JodieHorjulska,08/06/2019,21/08/2019,Ženski,,pes

310,JakecHorjulski,24/06/2019,21/08/2019,Moški,,pes

311,JanicaHorjulska,04/07/2019,06/08/2019,Ženski,,pes

312,JulkaHorjulska,27/06/2019,05/08/2019,Ženski,,pes

313,BongoHorjulski,10/07/2019,15/08/2019,Moški,,pes

314,AnnieLennoxHorjulska,04/04/2019,24/07/2019,Ženski,,pes

315,FraggleRockHorjulska,23/02/2019,11/07/2019,Ženski,,pes

316,FloHorjulska,,05/08/2019,Ženski,,pes

317,JeraHorjulska,27/06/2019,05/08/2019,Ženski,,pes

318,Gusar,20/07/2018,17/05/2019,Ženski,,pes

319,FireflyHorjulska,23/02/2019,24/07/2019,Ženski,,pes

320,JoshHorjulski,05/06/2019,11/07/2019,Moški,,pes

321,AlizeeHorjulska,04/04/2019,13/05/2019,Ženski,,pes

322,FabiaHorjulska,22/02/2019,01/05/2019,Ženski,,pes

323,Maja,04/09/2018,17/05/2019,Ženski,,pes

324,FiestaHorjulska,22/02/2019,10/05/2019,Ženski,,pes

325,FaithlessHorjulska,16/02/2019,04/04/2019,Ženski,,pes

326,FlyingLotusHorjulski,23/02/2019,31/03/2019,Moški,,pes

327,FičoHorjulski,22/02/2019,29/04/2019,Moški,,pes

328,FooFightersHorjulska,22/02/2019,30/03/2019,Ženski,,pes

329,JamesDeanHorjulski,22/01/2019,26/03/2019,Moški,,pes

330,FloggingMollyHorjulska,22/02/2019,02/04/2019,Ženski,,pes

331,Oli,25/01/2019,29/03/2019,Moški,,pes

332,FrankSinatraHorjulski,16/02/2019,26/03/2019,Moški,,pes

333,JenniferJuniperHorjulska,22/01/2019,30/03/2019,Ženski,,pes

334,DaisyJaneHorjulska,21/12/2018,20/03/2019,Ženski,,pes

335,JuicyLucyHorjulska,29/01/2019,26/03/2019,Ženski,,pes

336,JackieChanHorjulski,22/01/2019,04/03/2019,Moški,,pes

337,Benji,22/08/2018,21/02/2019,Moški,,pes

338,JanisJoplinHorjulska,25/01/2019,12/03/2019,Ženski,,pes

339,Sviš,20/11/2018,x,Moški,,pes

340,FrankieGoesToHollywoodHorjulski,17/02/2019,x,Moški,,pes

341,Vita,12/08/2018,,Ženski,,pes

342,JustLikeFireHorjulska,22/01/2019,17/02/2019,Ženski,,pes

343,Cofko,31/01/2019,20/02/2019,Moški,,pes

344,Roška,17/07/2018,14/02/2019,Ženski,,pes

345,Trixie,04/03/2018,19/02/2019,Ženski,,pes

346,Šila,24/10/2018,07/02/2019,Ženski,,pes

347,JamesBrownHorjulski,22/01/2019,15/02/2019,Moški,,pes

348,Pepe,19/10/2018,07/02/2019,Moški,,pes

349,Runo,18/09/2017,x,Moški,,pes

350,JanieJonesHorjulska,22/01/2019,14/02/2019,Ženski,,pes

351,NeverEndingStoryHorjulski,11/11/2018,10/02/2019,Moški,,pes

352,NothingAsItSeemsHorjulski,04/11/2018,07/02/2019,Moški,,pes

353,NovemberRainHorjulska,04/11/2018,x,Ženski,,pes

354,Jackie,11/12/2018,09/01/2019,Ženski,,muc

355,Rosco,15/09/2018,31/01/2019,Moški,,muc

356,NothingComparesToYouHorjulski,04/11/2018,06/01/2019,Moški,,muc

357,NothingElseMattersHorjulska,04/11/2018,25/01/2019,Ženski,,muc

358,NeverGonnaGiveYouUpHorjulski,04/11/2018,29/01/2019,Moški,,muc

359,NoWomanNoCryHorjulski,11/11/2018,04/01/2019,Moški,,muc

360,"Marcelino,Niki,Lindo,KayinArti",05/08/2019,x,5x moški,,muc

361,NoOneKnowsMeHorjulski,04/11/2018,08/01/2019,Moški,,muc

362,DudarKan,,16/12/2019,Moški,Negativen,muc

363,Sandy,,15/12/2019,Ženski,Negativna,muc

364,N2togetherNowHorjulski,04/11/2018,05/01/2019,Moški,,muc

365,NeverTearUsApartHorjulski,04/11/2018,03/01/2019,Moški,,muc

366,Vivian,,13/11/2019,Ženski,,muc

367,Raissa,,16/12/2019,Ženski,Negativna,muc

368,Keti,23/10/2019,16/12/2019,Ženski,,muc

369,Rosseta,27/04/2019,x,Ženski,Negativna,muc

370,Shadow,13/05/2015,05/11/2019,Ženski,Negativna,muc

371,Ricco,27/04/2019,x,Moški,,muc

372,Edi,,25/11/2019,Moški,Negativen,muc

373,Zoe,10/06/2019,05/11/2019,Ženski,Negativna,muc

374,Eli,,03/11/2019,Ženski,Negativna,muc

375,Viggo,27/04/2019,x,Moški,,muc

376,Zala,06/09/2018,03/11/2019,Ženski,Negativna,muc

377,Mani,24/06/2019,03/11/2019,Moški,Negativen,muc

378,Freya,,03/11/2019,Ženski,Negativna,muc

379,Chica,,03/11/2019,Ženski,Negativna,muc

380,Che,15/07/2019,05/11/2019,Moški,Negativen,muc

381,Marti,,03/11/2019,Moški,Negativen,muc

382,Diva,,03/11/2019,Ženski,,muc

383,Žižek,04/07/2019,03/11/2019,Moški,,muc

384,Boss,09/06/2019,03/11/2019,Moški,,muc

385,Alba,,02/10/2019,Ženski,,muc

386,Laia,,03/11/2019,Ženski,Negativna,muc

387,Trixi,13/08/2019,02/10/2019,Ženski,,muc

388,Elena,18/07/2019,02/10/2019,Ženski,,muc

389,Miki,12/08/2019,02/10/2019,Moški,,muc

390,Luana(Lu)inLucas,02/08/2019,01/10/2019,Moški in ženski,Negativna,muc

391,"Leonardo(Leo),Luiz,FilipeinXander",,x,4x moški,Negativni,muc

392,Zara,16/08/2019,01/10/2019,Ženski,,muc

393,Isabela,,26/08/2019,Ženski,Negativna,muc

394,MaruHorjulski,27/02/2019,01/08/2019,Moški,FIV+,muc

395,Amelie,24/04/2019,x,Ženski,,muc

396,Dusty,04/10/2018,01/05/2019,Moški,FIV pozitiven,muc

397,Bella,09/04/2018,01/05/2019,Ženski,Negativna,muc

398,Honey,11/02/2016,28/03/2019,Ženski,Negativna,muc

399,"Cindy,NixinPaco",13/09/2018,x,"1 ženski, 2 moška",Negativni,muc

400,Kimbi,25/09/2018,25/03/2019,Ženski,Negativna,muc

401,Aja,19/04/2018,22/03/2019,Ženski,Negativna,muc

402,Ida,26/06/2018,21/03/2019,Ženski,Negativna,muc

403,Nala,15/03/2018,21/03/2019,Ženski,Negativna,muc

404,Yoga,19/04/2018,14/02/2019,Ženski,Negativna,muc

405,Biba,15/06/2018,12/02/2019,Ženski,Negativna,muc

406,Puma,23/09/2018,21/03/2019,Ženski,,muc

407,Lucky,29/09/2018,14/02/2019,Moški,Negativen,muc

408,Hyde,21/06/2018,11/02/2019,Moški,Negativen,muc

409,Pepe,03/08/2018,11/02/2019,Moški,Negativen,muc

410,Ivy,17/05/2018,10/02/2019,Ženski,Negativna,pes

411,Biscuit,12/05/2018,10/02/2019,Ženski,Negativna,pes

412,Simba,24/09/2018,10/02/2019,Ženski,,pes

413,Tom,06/08/2018,10/02/2019,Moški,Negativen,pes

414,Gus,31/07/2018,25/01/2019,Moški,Negativen,pes

415,Milainnjenitrijemladički,01/09/2018,x,"Ženski, mladiči pa ena samička in dva samčka","Mila FIV+, sivotigrasta samička neg.",pes

416,3samičkein1samček,24/09/2018,x,,,pes

417,Matic,09/06/2018,18/01/2019,Moški,Negativen,pes

418,Pipin,11/08/2018,07/01/2019,Moški,Negativen,pes

419,Wiglyworm,02/10/2017,07/01/2019,Ženski,Negativna,pes

420,Demi,24/09/2018,07/01/2019,Ženski,,pes

421,Bowie,11/10/2017,,Moški,Negativen,pes

422,Hobbs,21/03/2018,26/11/2018,Moški,,pes

423,NewKidInTownHorjulski,11/11/2018,27/11/2018,Moški,,pes

424,NightsInWhiteSatinHorjulski,11/11/2018,24/11/2018,Moški,,pes

425,Gil,,x,Moški,,pes

426,Spoty,05/05/2018,26/11/2018,Moški,,pes

427,Vili,21/07/2018,17/11/2018,Moški,,pes

428,Fonzi,26/08/2018,03/12/2018,Moški,,pes

429,Toya,26/02/2018,26/11/2018,Ženski,,pes

430,Bono,13/10/2018,01/11/2018,Moški,,pes

431,Mišo,14/10/2017,x,Moški,,pes

432,Tinker,16/10/2018,17/11/2018,Ženski,,pes

433,Filip,22/08/2018,18/11/2018,Moški,,pes

434,Jerry,24/06/2018,x,Moški,,pes

435,Šar,16/08/2018,17/10/2018,Moški,,pes

436,Jaime,23/04/2016,11/10/2018,Moški,,pes

437,Rumi,03/09/2018,11/10/2018,Ženski,,pes

438,Primzi,21/09/2018,10/10/2018,Moški,,pes

439,Grom,17/07/2018,03/10/2018,Moški,,pes

440,Dart,22/03/2017,02/10/2018,Moški,,pes

441,Oskar,12/08/2018,02/10/2018,Moški,,pes

442,Naja,10/09/2018,24/09/2018,Ženski,,pes

443,Jurko,17/07/2018,02/09/2018,Moški,,pes

444,Lira,26/07/2018,17/09/2018,Ženski,,pes

445,Jerca,22/08/2018,14/09/2018,Ženski,,pes

446,Megi,16/03/2018,03/08/2018,Ženski,,pes

447,Pupa,05/06/2018,28/08/2018,Ženski,,pes

448,Emica,17/04/2018,30/07/2018,Ženski,,pes

449,Pikaču,26/03/2018,02/08/2018,Moški,,pes

450,Lord,15/06/2016,x,Moški,,pes

451,Sally,22/01/2018,30/07/2018,Ženski,,pes

452,Mihi,26/03/2018,11/07/2018,Moški,,pes

453,Pongo,01/05/2018,11/07/2018,Moški,,pes

454,Hella,19/03/2018,28/06/2018,Ženski,,pes

455,Kaja,21/03/2018,05/07/2018,Ženski,,pes

456,Pirh,02/04/2018,27/06/2018,Moški,,pes

457,Anneke,26/03/2018,08/06/2018,Ženski,,pes

458,Blaž,26/03/2018,28/06/2018,Moški,,pes

459,Murn,04/04/2018,31/05/2018,Moški,,pes

460,Ika,13/04/2018,26/06/2018,Ženski,,pes

461,Pepper,26/04/2018,29/05/2018,Moški,,pes

462,Harry,22/01/2018,02/06/2018,Moški,,pes

463,Mark,02/10/2017,22/04/2018,Moški,,pes

464,Dizl,05/01/2018,29/05/2018,Moški,,pes

465,Suti,30/03/2018,13/04/2018,Ženski,,pes

466,Baja,15/02/2018,18/03/2018,Ženski,,pes

467,Pluto,26/04/2018,24/05/2018,Moški,,pes

468,Daša,06/03/2018,16/04/2018,Ženski,,pes

469,Bee,15/02/2018,20/03/2018,Ženski,,pes

470,Bižu,15/02/2018,15/03/2018,Ženski,,muc

471,Iskra,01/10/2017,15/03/2018,Ženski,,muc

472,Luna,,11/03/2018,Ženski,,muc

473,Rasta,26/02/2018,12/03/2018,Moški,,muc

474,Cher,25/01/2018,x,Ženski,,muc

475,Dixie,10/01/2018,19/02/2018,Ženski,,muc

476,Lemmy,21/01/2018,14/02/2018,Moški,,muc

477,Patty,21/01/2018,,Ženski,,muc

478,Vafeljček,11/12/2017,15/01/2018,Moški,,muc

479,Ben,23/10/2017,16/01/2018,Moški,,muc

480,Tina,25/01/2018,x,Ženski,,muc

481,Pandora,09/02/2018,03/12/2018,Ženski,Negativna,muc

482,Pearl,21/01/2018,09/02/2018,Ženski,,muc

483,Mia,27/09/2018,13/11/2018,Ženski,,muc

484,Domžale,02/01/2018,x,Moški,,muc

485,Štef,02/04/2018,21/11/2018,Moški,Negativen,muc

486,Coco,21/08/2018,12/11/2018,Ženski,Negativna,muc

487,Jessie,27/09/2018,12/11/2018,Ženski,,muc

488,Amber,14/09/2018,01/11/2018,Ženski,Negativna,muc

489,Mike,15/06/2018,16/10/2018,Moški,Negativen,muc

490,Meli,08/04/2018,10/11/2018,Ženski,Negativna,muc

491,Gizmo,13/08/2018,16/10/2018,Moški,FIV+,muc

492,MistyinDaisy,06/08/2018,29/10/2018,Ženski,Negativni,muc

493,Tonči,09/06/2018,15/10/2018,Moški,Negativen,muc

494,Amy,16/07/2018,02/10/2018,Ženski,Negativna,muc

495,Jasper,20/07/2018,16/10/2018,Moški,Negativen,muc

496,Lovro,01/08/2018,30/09/2018,Moški,Negativen,muc

497,Muffin,22/08/2018,16/10/2018,Ženski,FIV+,muc

498,Gapi,30/10/2017,30/08/2018,Moški,Negativen,muc

499,Luna,30/07/2018,07/10/2018,Ženski,Negativna,muc

500,Panter,21/09/2017,28/08/2018,Moški,Negativen,muc

501,Minka,19/09/2017,12/07/2018,Ženski,Negativna,muc

502,Tiha,17/07/2018,30/09/2018,Ženski,Negativna,muc

503,Kobi,06/07/2018,22/09/2018,Moški,Negativen,muc

504,Patsy,20/10/2017,28/03/2018,Ženski,Negativna,pes

505,Kuku,04/04/2016,28/08/2018,Ženski,Negativna,pes

506,Bond,,11/03/2018,Moški,Negativen,pes

507,Logatec,08/05/2018,03/08/2018,Ženski,,pes

508,Biggy,02/11/2017,12/07/2018,Moški,Negativen,pes

509,Jani,11/10/2017,20/02/2018,Moški,Negativen,pes

510,Snookie,29/11/2017,19/02/2018,Ženski,Negativna,pes

511,Smokie,11/12/2017,24/02/2018,Moški,Negativen,pes

512,Dave,11/11/2017,20/02/2018,Moški,Negativen,pes

513,Lun,16/09/2017,15/02/2018,Moški,Negativen,pes

514,Ginny,29/09/2017,19/02/2018,Ženski,Negativna,pes

515,Holly,20/10/2017,20/11/2017,Ženski,,pes

516,Odie,23/06/2017,11/11/2017,Moški,,pes

517,Asja,04/02/2017,12/12/2017,Ženski,,pes

518,Robi,02/10/2017,27/10/2017,Moški,,pes

519,Kari,12/08/2017,23/12/2017,Moški,,pes

520,Bonita,05/11/2017,29/11/2017,Ženski,,pes

521,Lina,04/09/2017,20/10/2017,Ženski,,pes

522,Enya,06/08/2017,27/10/2017,Ženski,,pes

523,Črt,14/06/2017,06/10/2017,Moški,,pes

524,Maxi,28/08/2017,06/10/2017,Moški,,pes

525,Gala,08/10/2017,24/10/2017,Ženski,,pes

526,Illy,25/08/2017,26/09/2017,Ženski,,pes

527,Chucky,10/09/2017,28/09/2017,Moški,,pes

528,Kara,19/05/2016,x,Ženski,,pes

529,Roy,09/08/2017,25/09/2017,Moški,,pes

530,Titan,19/07/2016,x,Moški,,pes

531,Waldo,09/08/2017,22/09/2017,Moški,,pes

532,Eli,01/08/2017,18/08/2017,Ženski,,pes

533,Beti,29/07/2017,25/08/2017,Ženski,,pes

534,Don,30/01/2017,28/07/2017,Moški,,pes

535,DeeDee(Didi),30/06/2017,14/07/2017,Ženski,,pes

536,Rina,17/11/2016,28/07/2017,Ženski,,pes

537,Dory,02/07/2017,20/07/2017,Ženski,,pes

538,Foxy,03/01/2017,07/07/2017,Ženski,,pes

539,Bali,,14/07/2017,Moški,,pes

540,Roni,10/02/2017,06/07/2017,Moški,,pes

541,Zuma,07/06/2017,07/07/2017,Ženski,,pes

542,Frenk,05/03/2017,05/07/2017,Moški,,pes

543,Gigi,12/06/2017,05/07/2017,Ženski,,pes

544,Tweaks,07/06/2017,04/07/2017,Ženski,,pes

545,Dashy,07/06/2017,04/07/2017,Ženski,,pes

546,Nancy,05/03/2017,14/06/2017,Ženski,,pes

547,Frik,06/05/2017,15/06/2017,Moški,,pes

548,Joly,30/01/2017,,Moški,,pes

549,Johnny,08/04/2017,14/06/2017,Moški,,pes

550,Piccola,20/04/2017,x,Ženski,,pes

551,Giogia,20/04/2017,x,Ženski,,pes

552,Nace,06/05/2017,22/05/2017,Moški,,pes

553,Bona,20/04/2017,x,Ženski,,pes

554,Tinček,09/02/2017,x,Moški,,pes

555,Lena,31/03/2017,10/05/2017,Ženski,,pes

556,Jimmy,02/05/2017,x,Moški,,pes

557,Mihi,05/03/2017,28/04/2017,Moški,,pes

558,River,25/02/2017,03/05/2017,Moški,,pes

559,Goya,05/04/2017,11/05/2017,Ženski,,pes

560,Tačko,18/02/2017,x,Moški,,pes

561,Švrk,07/01/2017,21/04/2017,Moški,,pes

562,Santana+šestmladičev,27/01/2017,28/04/2017,Ženski,,pes

563,Ana,05/03/2017,06/04/2017,Ženski,,pes

564,Eros,18/10/2016,x,Moški,,pes

565,Maruša,05/03/2017,27/03/2017,Ženski,,pes

566,Katjuša,05/03/2017,07/04/2017,Ženski,,pes

567,Barka,27/01/2017,23/03/2017,Ženski,,pes

568,Ash,05/03/2017,31/03/2017,Moški,,pes

569,Tera,27/01/2017,20/03/2017,Ženski,,pes

570,Ažbe,05/03/2017,27/03/2017,Moški,,pes

571,Toffee,27/01/2017,13/03/2017,Ženski,,pes

572,Sugar,27/01/2017,22/03/2017,Ženski,,pes

573,Ari,28/12/2016,02/03/2017,Moški,,pes

574,Lara,24/02/2017,06/03/2017,Ženski,,pes

575,Hendo,01/02/2017,14/03/2017,Moški,,pes

576,Bongi,28/10/2016,28/02/2017,Moški,,pes

577,Berry,27/02/2017,09/03/2017,Ženski,,pes

578,Kuku,29/09/2016,25/02/2017,Ženski,,pes

579,Šmorn,27/01/2017,28/02/2017,Moški,,pes

580,Jaka,22/01/2017,23/02/2017,Moški,,muc

581,Arni,21/12/2016,28/02/2017,Moški,,muc

582,Vlado,17/01/2017,26/01/2017,Moški,,muc

583,Maggie,03/10/2016,23/01/2017,Ženski,,muc

584,Čoko,27/01/2017,24/02/2017,Ženski,,muc

585,Bart,10/12/2016,23/02/2017,Moški,,pes

586,Iza,01/01/2017,11/01/2017,Ženski,,pes

587,Peta,22/12/2016,10/01/2017,Ženski,,pes

588,Bach,22/12/2016,23/01/2017,Moški,,pes

589,Cvetka,,28/07/2017,Ženski,Negativna,pes

590,Moki,22/12/2016,23/01/2017,Moški,,pes

591,Viva,28/12/2016,10/01/2017,Ženski,,pes

592,Pika,19/08/2015,14/12/2016,Ženski,,pes

593,Mulan,25/10/2016,07/12/2016,Ženski,,pes

594,Bela,14/09/2016,24/12/2016,Ženski,,pes

595,Žak,27/10/2016,15/11/2016,Moški,,pes

596,Ajda,05/10/2016,26/11/2016,Ženski,,pes

597,Belle,25/10/2016,06/12/2016,Ženski,,pes

598,Suki,02/11/2016,06/12/2016,Moški,,pes

599,Kitty,26/09/2016,11/11/2016,Ženski,,pes

600,Tačko,03/10/2016,10/11/2016,Moški,,pes

601,Becks,29/09/2016,15/11/2016,Moški,,pes

602,Neli,17/11/2016,28/11/2016,Ženski,,pes

603,Lili,28/10/2016,09/12/2016,Ženski,,pes

604,Snow,11/10/2016,03/11/2016,Moški,,pes

605,Medo,19/05/2016,27/10/2016,Moški,,pes

606,Anka,25/09/2016,24/10/2014,Ženski,,pes

607,Stark,11/10/2016,27/10/2016,Moški,,pes

608,Brix,31/05/2016,20/10/2016,Moški,,pes

609,Kuža-Domžale,12/07/2016,x,Moški,,pes

610,Lucky,22/08/2016,26/09/2016,Ženski,,pes

611,Taj,15/06/2016,26/09/2016,Moški,,pes

612,Rozi,07/08/2016,21/09/2016,Ženski,,pes

613,Scott,31/05/2016,16/09/2016,Moški,,pes

614,Bolt,20/07/2016,06/09/2016,Moški,,pes

615,Greta,29/07/2016,24/09/2016,Ženski,,pes

616,Kim,17/08/2016,21/09/2016,Moški,,pes

617,Neža,10/06/2016,06/09/2016,Ženski,,pes

618,Fleka,28/07/2016,23/08/2016,Ženski,,pes

619,Gita,31/05/2016,16/08/2016,Ženski,,pes

620,Topol,01/07/2016,26/08/2016,Moški,,pes

621,Bonzi,22/07/2016,08/08/2016,Moški,,pes

622,Majk,21/07/2016,17/08/2016,Moški,,pes

623,Tor,,28/07/2016,Moški,,pes

624,Tobi,15/06/2016,16/08/2016,Moški,,pes

625,Goofy,23/05/2016,25/06/2016,Moški,,pes

626,Santa,18/07/2016,02/08/2016,Ženski,,pes

627,Lino,27/05/2016,28/06/2016,Moški,,pes

628,Twitter,23/05/2016,24/06/2016,Moški,,pes

629,Maki,26/01/2016,24/06/2016,Ženski,,pes

630,Medo,04/05/2016,16/06/2016,Moški,,pes

631,Alja,23/05/2016,15/06/2016,Ženski,,pes

632,Daša,24/02/2016,07/06/2016,Ženski,,pes

633,Bessy,27/05/2016,22/06/2016,Ženski,,pes

634,Tarka,22/02/2016,16/06/2016,Ženski,,pes

635,Meta,05/03/2016,18/05/2016,Ženski,,pes

636,Čaja,23/05/2016,15/06/2016,Ženski,,pes

637,Mina,14/04/2016,05/05/2016,Ženski,,pes

638,Google,30/04/2016,07/06/2016,Moški,,pes

639,Vini,13/04/2016,18/05/2016,Ženski,,pes

640,Murči,07/10/2015,19/04/2016,Moški,,pes

641,ZlatiMax,18/02/2016,11/05/2016,Moški,,pes

642,George,18/11/2015,12/04/2016,Moški,,pes

643,Benko,27/10/2015,08/04/2016,Moški,,pes

644,Timi,29/02/2016,21/04/2016,Moški,,pes

645,Flash,24/02/2016,30/03/2016,Moški,,pes

646,Luna,18/02/2016,13/04/2016,Ženski,,pes

647,Tami,15/03/2016,12/04/2016,Ženski,,pes

648,Reks,10/09/2015,26/03/2016,Moški,,pes

649,Poldi,09/02/2016,04/04/2016,Moški,,pes

650,Midi,03/02/2016,17/03/2016,Ženski,,pes

651,Chilli,24/02/2016,11/03/2016,Ženski,,pes

652,Fen,03/03/2016,30/03/2016,Moški,,pes

653,FridainFrey,11/11/2015,02/03/2016,Ženski in moški,,pes

654,Frfra,01/10/2015,26/03/2016,Ženski,,pes

655,Juna,17/02/2016,17/03/2016,Ženski,,pes

656,Prevc,29/12/2015,04/03/2016,Moški,,pes

657,Oli,25/01/2016,29/02/2016,Moški,,pes

658,Nanos,01/01/2016,24/02/2016,Moški,,pes

659,Toby,28/12/2015,24/02/2016,Moški,,pes

660,Bella,19/01/2016,23/02/2016,Ženski,,pes

661,Booster,16/01/2016,24/02/2016,Moški,,pes

662,Pajo,17/12/2015,22/02/2016,Moški,,pes

663,Brči,24/01/2016,17/02/2016,Moški,,pes

664,Oskar,,23/02/2016,Moški,,pes

665,Lili,01/01/2016,17/02/2016,Ženski,,pes

666,Spencer,19/11/2015,05/02/2016,Moški,,pes

667,Pes-Kamnik,09/07/2015,x,Moški,,pes

668,Dita,29/09/2015,15/02/2016,Ženski,,muc

669,Megi,19/11/2015,27/01/2016,Ženski,,muc

670,Nubi,09/10/2015,03/02/2016,Ženski,,muc

671,Bizzo,24/08/2015,13/01/2016,Moški,,muc

672,Daisy,19/11/2015,15/01/2016,Ženski,,muc

673,Buddy,19/11/2015,27/01/2016,Moški,,muc

674,Lotta,16/10/2015,13/01/2016,Ženski,,muc

675,Fila,16/10/2015,13/01/2016,Ženski,,muc

676,Alka,16/10/2015,13/01/2016,Ženski,,muc

677,Puma,16/10/2015,13/01/2016,Ženski,,muc

678,Starkuža-Logatec,,09/01/2016,Moški,,muc

679,Valdi,09/10/2015,09/01/2016,Moški,,muc

680,Axel,,28/10/2016,Moški,,muc

681,Oxy,21/09/2015,24/09/2016,Ženski,Negativna,muc

682,Stanči,13/01/2016,23/05/2016,Moški,Negativen,muc

683,Plusek,06/05/2016,23/05/2016,Moški,FeLV pozitiven,muc

684,Jazzy,,02/04/2016,Ženski,,muc

685,Gali,,02/04/2016,,,muc

686,Lumpi,18/08/2015,08/04/2016,Moški,Negativen,muc

687,Ali,25/07/2015,14/03/2016,Moški,Negativen,muc

688,Keiko,,02/04/2016,Ženski,Negativna,muc

689,Kay,,05/03/2016,,,muc

690,Jin,,17/02/2016,,,muc

691,Max,30/08/2015,12/03/2016,Moški,Negativen,muc

692,Ladybug,,14/03/2016,,Pozitivna,muc

693,Elu,,09/02/2016,,,muc

694,Jeff,,09/02/2016,Moški,,muc

695,Odraslamuca,,05/03/2016,Ženski,,muc

696,Elsa,,09/02/2016,Ženski,,

697,Brč,,,Moški,Negativen,

698,Joy,,01/02/2016,,,

699,Samčka-Domžale,15/07/2015,x,2x moški,Negativna,

700,Thai,,09/02/2016,,,

701,Gilly,,11/01/2016,Ženski,Negativna,

702,Lee,,01/02/2016,,,

703,Jiger,,11/01/2016,Moški,Negativen,

704,Latte,,11/01/2016,Ženski,Negativna,

705,Patty,03/06/2015,11/01/2016,Ženski,Negativna,

706,Čokočino,,11/01/2016,,Negativen,

707,SeniorkaBela,26/07/2015,x,Ženski,,muc

708,Gara,06/07/2015,22/12/2015,Ženski,,muc

709,Rascal,09/12/2015,x,Moški,,muc

710,Gizmo,20/07/2015,17/11/2015,Moški,,muc

711,Kiki,15/10/2015,25/11/2015,Ženski,,muc

712,Yurgi,25/10/2015,25/11/2015,Moški,,muc

713,Brina,,22/12/2015,Ženski,,muc

714,Breza,15/09/2015,12/11/2015,Ženski,,muc

715,Tigrastiminič,21/09/2015,29/10/2015,Moški,,muc

716,Clay,22/09/2015,22/12/2015,Moški,Negativen,muc

717,Miniji,15/07/2015,x,,Negativni,muc

718,Muca-Log-Dragomer,04/06/2015,x,Ženski,Negativna,muc

719,KuKu-jčki,14/07/2015,x,,,muc

720,Sarita,07/07/2015,x,Ženski,,muc

721,DružinaTiger,25/06/2015,x,,,muc

722,TigArrr,02/06/2015,x,Moški,Negativen,muc

723,Mamaintrijemali,16/06/2015,x,,,muc

724,Černej,02/06/2015,x,Moški,,muc

725,Suši,23/06/2015,03/11/2015,Moški,,muc

726,Dobrova,15/07/2015,x,,,muc

727,Poškodovanamuca,08/07/2015,x,Ženski,,muc

728,Lava,24/08/2015,14/09/2015,Ženski,,muc

729,Džusko,24/06/2015,07/09/2015,Moški,,muc

730,Boro,09/08/2015,07/09/2015,Moški,,muc

731,Kala,19/06/2015,09/09/2015,Ženski,,muc

732,Sultan,18/08/2015,31/08/2015,Moški,,muc

733,AiredaleterierkaLuci,28/08/2015,04/09/2015,Ženski,,muc

734,Bunka,08/07/2015,x,Ženski,,muc

735,Lucky,24/06/2015,12/09/2015,Moški,,muc

736,Nala,14/08/2015,23/09/2015,Ženski,,muc

737,Dex,16/06/2015,27/07/2015,Moški,,muc

738,Kroks,24/08/2015,04/09/2015,Moški,,muc

739,Filip,09/07/2015,13/08/2015,Moški,,muc

740,Minič,08/07/2015,27/07/2015,Moški,,muc

741,Domžalskirevež,07/07/2015,17/08/2015,Moški,Negativen,muc

742,Illy,12/06/2015,31/08/2015,Moški,Negativen,muc

743,Mihi,04/06/2015,,Moški,Negativen,muc

744,Ilirskobistriškipušeljc,25/06/2015,x,,,muc

745,Grintica,04/07/2015,13/08/2015,Ženski,,muc

746,ČBinČB-jka,10/07/2015,x,Ženski in moški,,muc

747,Domžalskačrnuhica,10/07/2015,13/08/2015,Ženski,,muc

748,Spidi-D-Look,02/06/2015,07/08/2015,Ženski,,muc

749,Muca-Kamnik,08/07/2015,12/08/2015,Ženski,,muc

750,Mulo,03/07/2015,07/08/2015,Moški,,muc

751,Mačka-Logatec,04/06/2015,x,Ženski,,muc

752,Tiger,28/06/2015,x,Moški,,muc

753,Muc-Logatec,23/06/2015,x,Moški,,muc

754,Senior,08/06/2015,x,Moški,,pes

755,Logaškimuc,02/06/2015,x,Moški,,pes

756,Mucazmladički,12/05/2014,x,Ženski,,muc

